filename,optimal,optimizerOnly,topDown,bottomUp,euclidean,horizontal,hop,topDownPlus,bottomUpPlus,euclideanPlus,horizontalPlus,hopPlus
cluster-n10-c3-r0-s-4972683369271453960.json,1,1,4,1,1,3,5,1,1,1,1,1
cluster-n10-c3-r1-s4755622236989466036.json,6,6,8,6,6,11,11,6,6,6,6,6
cluster-n10-c3-r2-s1092083446069765248.json,3,3,4,3,3,4,3,3,3,3,3,3
cluster-n10-c3-r3-s4503168388465453601.json,4,4,5,4,4,5,5,4,4,4,4,4
cluster-n10-c3-r4-s-3342383633144681140.json,4,4,5,4,5,5,5,4,4,4,4,4
cluster-n10-c3-r5-s6836568506072080118.json,4,4,5,4,4,5,6,4,4,4,4,4
cluster-n10-c3-r6-s-2651111998922877327.json,2,2,2,2,3,3,2,2,2,2,2,2
cluster-n10-c3-r7-s-5257604778215879520.json,0,0,1,0,0,0,0,0,0,0,0,0
cluster-n10-c3-r8-s5298954437391079618.json,4,4,9,4,4,5,4,4,4,4,4,4
cluster-n10-c3-r9-s-1544970817896810324.json,0,0,2,0,0,0,1,0,0,0,0,0
cluster-n100-c12-r0-s-5128016860359238732.json,869,870,1636,872,1249,1260,1739,1270,869,1243,869,870
cluster-n100-c12-r1-s3596673253889729385.json,1109,1110,1313,1117,1118,1322,1198,1109,1110,1109,1109,1111
cluster-n100-c12-r2-s-6139822020582680716.json,437,439,573,441,441,599,558,440,437,437,439,439
cluster-n100-c12-r3-s-4087044595004343727.json,1227,1227,1359,1227,1252,1579,1566,1229,1227,1227,1227,1227
cluster-n100-c12-r4-s-7035447845658785470.json,1058,1062,1258,1062,1147,1222,1431,1058,1058,1131,1062,1143
cluster-n100-c12-r5-s-6952633147197490662.json,784,789,1278,790,792,1283,1128,784,785,785,785,786
cluster-n100-c12-r6-s4367296745435792467.json,1234,1236,1723,1242,1242,1357,1385,1238,1238,1237,1238,1237
cluster-n100-c12-r7-s8987754666945962503.json,498,499,727,502,501,584,569,499,498,498,498,498
cluster-n100-c12-r8-s-5895171329898275699.json,958,958,1187,967,983,1207,1086,966,966,958,958,966
cluster-n100-c12-r9-s-8770588431429725762.json,709,709,810,709,756,884,827,712,709,709,709,709
cluster-n15-c3-r0-s-4980945789649841896.json,8,8,16,8,8,14,10,13,8,8,8,8
cluster-n15-c3-r1-s1946588598930985430.json,5,5,12,5,5,6,5,5,5,5,5,5
cluster-n15-c3-r2-s-1647495873705373680.json,6,6,39,6,7,8,14,6,6,6,6,6
cluster-n15-c3-r3-s2868790416052145765.json,8,8,12,8,8,11,11,8,8,8,8,8
cluster-n15-c3-r4-s-6089968677426900432.json,10,10,13,10,10,13,12,10,10,10,10,10
cluster-n15-c3-r5-s-4886449326399715878.json,7,7,14,7,7,8,7,7,7,7,7,7
cluster-n15-c3-r6-s-4632695887653498523.json,26,26,36,26,26,31,34,26,26,26,26,26
cluster-n15-c3-r7-s9040822222679173724.json,14,14,16,16,14,18,18,14,14,14,14,14
cluster-n15-c3-r8-s-6874753323234909047.json,5,5,10,5,6,6,6,5,5,6,6,5
cluster-n15-c3-r9-s-1929312183105933540.json,17,17,27,17,17,26,23,17,17,17,17,17
cluster-n20-c4-r0-s-4942938662781205063.json,14,14,22,14,14,17,16,14,14,14,14,14
cluster-n20-c4-r1-s3800096882043324115.json,29,31,36,29,31,30,39,30,29,31,29,31
cluster-n20-c4-r2-s-3802826258271402066.json,19,19,27,19,19,28,26,19,19,19,19,19
cluster-n20-c4-r3-s3008231453656586950.json,28,28,52,28,28,40,46,28,28,28,28,28
cluster-n20-c4-r4-s2859573706375437232.json,22,22,26,23,24,23,27,22,22,22,22,22
cluster-n20-c4-r5-s4767246935516549877.json,36,37,50,39,39,50,46,37,37,36,37,37
cluster-n20-c4-r6-s8171938801505373957.json,13,14,19,13,13,16,20,15,13,13,13,13
cluster-n20-c4-r7-s-8770407399242165048.json,36,37,57,39,39,40,40,36,37,37,36,36
cluster-n20-c4-r8-s1162767774550876561.json,12,12,26,15,14,27,18,12,12,12,12,12
cluster-n20-c4-r9-s-161341909156920964.json,13,13,28,13,14,16,14,13,13,13,13,13
cluster-n25-c4-r0-s-4951201078864625704.json,33,33,51,33,33,39,41,33,33,33,33,33
cluster-n25-c4-r1-s991063248279810805.json,42,42,68,43,43,48,46,42,42,42,42,42
cluster-n25-c4-r2-s-6542405578046540995.json,56,56,85,56,56,73,68,56,56,56,56,56
cluster-n25-c4-r3-s1373853485538246410.json,56,56,107,56,89,111,102,87,56,87,87,56
cluster-n25-c4-r4-s111988666388185236.json,34,34,53,38,38,41,35,34,34,34,34,34
cluster-n25-c4-r5-s-6955770901250213415.json,23,23,39,24,24,27,26,23,23,23,23,23
cluster-n25-c4-r6-s6190354912774752760.json,25,28,40,26,28,32,31,25,25,26,25,26
cluster-n25-c4-r7-s5528019601652888196.json,47,47,59,47,47,60,59,47,47,47,47,47
cluster-n25-c4-r8-s7435804087634439511.json,71,78,87,72,79,95,85,78,71,78,78,72
cluster-n25-c4-r9-s-545683274366044179.json,20,20,26,20,20,25,21,20,20,20,21,21
cluster-n30-c5-r0-s-4952853562081309832.json,56,56,80,56,65,76,71,56,56,57,57,56
cluster-n30-c5-r1-s4118605333692038088.json,54,54,64,56,54,60,63,55,54,54,54,55
cluster-n30-c5-r2-s3977725003942149108.json,70,70,100,70,70,91,89,70,70,70,70,70
cluster-n30-c5-r3-s-2642370924545318939.json,80,80,97,82,87,92,97,80,82,80,80,80
cluster-n30-c5-r4-s6941169284438581647.json,19,22,31,19,19,41,29,22,19,19,19,19
cluster-n30-c5-r5-s5457020789505081760.json,21,21,36,21,21,28,21,21,21,21,21,21
cluster-n30-c5-r6-s-1584659488442237911.json,75,75,131,75,75,96,102,75,75,75,75,75
cluster-n30-c5-r7-s4698356184513008144.json,40,40,63,41,42,74,68,40,40,40,40,40
cluster-n30-c5-r8-s8690411351969139020.json,104,104,131,105,104,118,137,104,104,104,104,104
cluster-n30-c5-r9-s-622551548266862281.json,44,45,54,45,44,52,52,44,44,44,44,44
cluster-n35-c5-r0-s-5013995466868426345.json,41,42,59,41,41,51,49,41,41,41,41,41
cluster-n35-c5-r1-s9157198120406614623.json,66,66,85,68,72,82,78,66,66,66,66,66
cluster-n35-c5-r2-s5840930912313687631.json,95,95,125,97,97,118,124,95,95,95,96,98
cluster-n35-c5-r3-s-3668721473601085579.json,89,90,131,92,97,111,117,89,90,90,90,90
cluster-n35-c5-r4-s1366435223448741313.json,58,58,77,59,59,74,70,58,58,58,58,58
cluster-n35-c5-r5-s3561711560546787690.json,67,69,98,67,69,85,78,67,67,67,67,67
cluster-n35-c5-r6-s5887712648313437491.json,92,93,175,92,92,95,105,93,92,92,92,94
cluster-n35-c5-r7-s-7552446059988885172.json,44,45,50,50,47,53,55,45,45,45,44,44
cluster-n35-c5-r8-s-229352131725306972.json,142,142,190,144,144,193,180,144,144,144,148,142
cluster-n35-c5-r9-s-3466677631057524513.json,74,78,112,74,74,94,85,74,74,74,75,74
cluster-n40-c6-r0-s-5028867824408518089.json,127,130,153,130,131,160,154,127,130,130,127,130
cluster-n40-c6-r1-s411588754582458831.json,95,95,122,97,100,120,115,95,95,95,95,95
cluster-n40-c6-r2-s8288385764484271288.json,139,139,156,140,142,151,150,139,139,139,139,139
cluster-n40-c6-r3-s-2921253008344135902.json,166,166,220,168,169,199,233,166,166,166,166,166
cluster-n40-c6-r4-s7488828594838425231.json,75,79,127,75,75,89,77,75,75,75,75,75
cluster-n40-c6-r5-s4596372347972036458.json,93,94,106,94,94,107,107,94,94,94,94,94
cluster-n40-c6-r6-s-8747184784460496663.json,131,131,143,131,131,143,145,131,131,131,131,131
cluster-n40-c6-r7-s3427327285231549752.json,37,37,64,37,42,48,47,39,37,39,39,39
cluster-n40-c6-r8-s-7384630835012497603.json,94,95,126,95,94,107,105,94,94,94,94,95
cluster-n40-c6-r9-s-4158492083279985546.json,239,239,299,240,246,297,263,253,239,246,246,239
cluster-n45-c6-r0-s-5037130244786906026.json,194,200,361,201,200,292,245,194,200,200,194,200
cluster-n45-c6-r1-s-2397444879181054479.json,123,123,160,126,124,154,142,126,123,123,123,123
cluster-n45-c6-r2-s5548806440414165063.json,132,133,165,133,134,144,158,133,133,132,133,132
cluster-n45-c6-r3-s-4555630980757443738.json,80,80,115,81,81,120,101,80,80,80,80,81
cluster-n45-c6-r4-s4741243550556205939.json,72,72,106,76,75,90,92,75,72,72,72,72
cluster-n45-c6-r5-s-7126645488794726834.json,169,171,205,169,173,189,188,169,169,169,169,174
cluster-n45-c6-r6-s7717975404813401053.json,209,210,256,209,213,246,239,210,209,213,210,210
cluster-n45-c6-r7-s-720989783287981324.json,76,76,86,76,77,89,83,76,76,76,76,76
cluster-n45-c6-r8-s-1111594517633967357.json,244,245,269,244,245,261,265,244,244,245,246,245
cluster-n45-c6-r9-s-4542833444194141465.json,148,148,206,149,151,175,212,148,148,148,148,148
cluster-n50-c7-r0-s-4985903243594861576.json,189,194,213,192,196,217,223,189,190,192,191,193
cluster-n50-c7-r1-s-7117529218541884335.json,104,110,139,110,109,126,118,106,105,105,107,104
cluster-n50-c7-r2-s-6980592279453373901.json,317,320,465,317,432,476,357,320,317,320,320,320
cluster-n50-c7-r3-s-9179882814198550284.json,266,266,419,266,298,325,314,266,266,266,266,266
cluster-n50-c7-r4-s-4049170888395328224.json,115,115,220,115,115,155,139,115,115,115,115,115
cluster-n50-c7-r5-s-4541562397257966288.json,201,205,469,205,207,456,230,201,204,205,204,202
cluster-n50-c7-r6-s8935749043229730807.json,147,147,163,150,150,197,177,147,147,147,147,147
cluster-n50-c7-r7-s6551831979849468160.json,158,162,350,163,165,198,178,158,159,159,165,163
cluster-n50-c7-r8-s-3110931530230810521.json,223,223,253,223,224,246,265,223,223,223,223,223
cluster-n50-c7-r9-s-2159917000513420551.json,207,208,225,208,223,227,235,207,208,208,207,208
cluster-n55-c7-r0-s-4994165663973249513.json,292,293,399,294,295,320,320,294,292,292,294,294
cluster-n55-c7-r1-s8520181221404153971.json,250,252,319,253,256,324,309,250,250,251,251,251
cluster-n55-c7-r2-s8726572470186071490.json,353,354,579,356,358,418,368,355,354,354,354,354
cluster-n55-c7-r3-s7632483291392660792.json,149,149,210,149,149,186,196,149,149,149,149,149
cluster-n55-c7-r4-s-6796755928382580220.json,87,87,121,87,87,112,105,87,87,87,87,87
cluster-n55-c7-r5-s2182163843979789332.json,335,349,388,338,335,375,362,337,335,335,335,337
cluster-n55-c7-r6-s6954165158794076907.json,265,265,320,266,268,298,297,266,265,265,265,266
cluster-n55-c7-r7-s2403514907034969788.json,139,139,252,144,144,171,186,140,140,140,140,141
cluster-n55-c7-r8-s3162104787147719725.json,61,61,161,63,66,85,74,61,61,61,61,61
cluster-n55-c7-r9-s-2544258361427576470.json,178,182,335,180,182,251,225,180,178,178,182,178
cluster-n60-c8-r0-s-5009038017218373961.json,217,217,423,217,220,255,264,217,217,217,217,217
cluster-n60-c8-r1-s-225428140125034524.json,324,325,710,325,324,639,373,324,324,324,324,324
cluster-n60-c8-r2-s-7272716755647863764.json,326,326,407,337,339,386,367,326,326,326,343,344
cluster-n60-c8-r3-s8379951756649610469.json,285,364,399,311,317,418,390,287,285,285,285,287
cluster-n60-c8-r4-s-674362561287863598.json,283,283,371,286,288,362,329,283,283,283,283,283
cluster-n60-c8-r5-s3216824631405038100.json,188,188,233,189,191,227,350,209,188,188,210,188
cluster-n60-c8-r6-s-7680732278274824543.json,489,493,784,494,499,770,546,493,491,497,492,498
cluster-n60-c8-r7-s-5063455817159179608.json,548,560,604,561,553,575,661,559,559,548,549,552
cluster-n60-c8-r8-s-3993173920434438202.json,432,445,764,440,450,536,483,433,433,445,445,446
cluster-n60-c8-r9-s-3236072813650037502.json,161,162,228,162,163,213,188,162,161,161,162,162
cluster-n65-c8-r0-s-5070179922005490474.json,357,358,474,359,359,405,427,358,357,357,357,357
cluster-n65-c8-r1-s4813164642294574714.json,431,433,525,433,471,504,521,431,431,466,466,433
cluster-n65-c8-r2-s-5409510847276325242.json,306,306,776,306,308,466,353,306,306,306,306,307
cluster-n65-c8-r3-s7353601207593843829.json,236,236,288,236,236,257,259,236,236,236,237,236
cluster-n65-c8-r4-s-6249096617982736636.json,213,214,340,221,226,259,238,215,213,215,215,215
cluster-n65-c8-r5-s1321515393856809438.json,238,238,473,241,244,306,261,238,238,238,238,238
cluster-n65-c8-r6-s-208360137224181846.json,200,204,267,201,201,220,217,200,200,200,200,201
cluster-n65-c8-r7-s1132486012048478692.json,216,216,284,216,217,381,266,216,216,216,216,216
cluster-n65-c8-r8-s5533806673875634718.json,333,335,387,335,343,372,421,335,335,335,336,345
cluster-n65-c8-r9-s-6080198892145732438.json,230,233,298,235,235,308,300,233,230,230,230,231
cluster-n70-c9-r0-s-5071832409517141899.json,240,241,283,242,245,274,276,240,240,242,240,242
cluster-n70-c9-r1-s7940706736296736590.json,563,563,647,568,576,616,599,565,563,563,568,567
cluster-n70-c9-r2-s5110619734712364861.json,236,237,762,236,238,315,316,237,236,236,236,236
cluster-n70-c9-r3-s3337376797510278480.json,246,249,286,249,249,296,337,246,246,247,246,246
cluster-n70-c9-r4-s580084000067659775.json,224,225,426,225,230,273,271,224,224,224,225,224
cluster-n70-c9-r5-s-4712436989097447003.json,351,486,610,355,354,544,509,352,352,352,351,352
cluster-n70-c9-r6-s-7983374542736139813.json,241,241,280,241,246,277,286,241,241,241,241,241
cluster-n70-c9-r7-s302822594908598640.json,441,442,525,447,447,491,518,442,442,441,442,443
cluster-n70-c9-r8-s6788413938210334227.json,621,621,693,636,638,703,686,621,621,621,621,621
cluster-n70-c9-r9-s-6157067166046550541.json,478,481,636,482,484,538,573,478,479,479,479,479
cluster-n75-c9-r0-s-5080094825600562539.json,467,467,642,506,507,675,602,467,469,467,467,467
cluster-n75-c9-r1-s5131673098238255984.json,404,406,536,404,412,544,522,404,404,405,404,404
cluster-n75-c9-r2-s2371040414937225932.json,396,397,766,404,416,500,526,400,400,404,401,396
cluster-n75-c9-r3-s1702998825096970644.json,610,610,799,631,724,892,809,612,610,711,610,711
cluster-n75-c9-r4-s-2167501044214559517.json,277,278,375,282,289,330,326,278,278,281,278,278
cluster-n75-c9-r5-s2011289256435275913.json,351,352,923,360,366,430,590,353,354,352,353,354
cluster-n75-c9-r6-s8481785646537757903.json,272,272,490,274,276,462,308,272,272,272,272,272
cluster-n75-c9-r7-s-3845494477905899732.json,637,637,704,638,653,752,714,637,637,637,637,638
cluster-n75-c9-r8-s-5385293818120687143.json,667,669,732,671,672,761,715,669,667,667,667,667
cluster-n75-c9-r9-s-6541408526960706460.json,309,311,469,311,311,418,344,313,309,309,311,309
cluster-n80-c10-r0-s-5042087698731925706.json,595,595,775,597,601,710,707,595,595,595,595,595
cluster-n80-c10-r1-s6985181381350594668.json,564,564,657,565,569,642,655,564,564,564,564,564
cluster-n80-c10-r2-s215710034666164842.json,535,535,875,537,548,581,670,535,535,535,535,537
cluster-n80-c10-r3-s1842439866996379125.json,723,759,881,749,766,847,839,760,746,723,723,746
cluster-n80-c10-r4-s6782041339587778147.json,659,659,916,666,663,780,723,659,659,659,664,659
cluster-n80-c10-r5-s-6781758559652977244.json,399,467,619,406,468,607,482,399,399,399,399,400
cluster-n80-c10-r6-s2839676257692111471.json,676,924,1166,679,682,779,774,925,676,676,684,681
cluster-n80-c10-r7-s-3209980021822719592.json,555,555,763,557,562,675,620,556,555,555,556,555
cluster-n80-c10-r8-s2652227271075163873.json,884,884,959,886,887,944,1173,884,884,884,884,885
cluster-n80-c10-r9-s-4773438261601628476.json,325,329,391,330,329,377,384,328,325,325,330,329
cluster-n85-c10-r0-s-5050350114815346346.json,649,649,748,653,659,733,770,652,649,649,652,649
cluster-n85-c10-r1-s4176147743292114062.json,337,337,1170,340,476,531,411,337,337,337,337,337
cluster-n85-c10-r2-s-2523869289403941382.json,614,614,740,615,614,678,732,615,614,614,614,614
cluster-n85-c10-r3-s208061894583071289.json,442,443,761,454,449,599,687,455,445,445,445,442
cluster-n85-c10-r4-s4034456295305558855.json,677,678,1469,677,683,1202,779,678,677,677,678,677
cluster-n85-c10-r5-s-58032318415221624.json,513,515,763,514,514,562,570,515,513,513,513,515
cluster-n85-c10-r6-s858092368961490274.json,930,930,1041,934,1014,1023,1034,931,931,969,931,931
cluster-n85-c10-r7-s-7358297094637217964.json,505,505,941,511,507,588,563,505,506,505,506,505
cluster-n85-c10-r8-s8925263588453694120.json,766,766,1004,771,770,861,841,766,769,766,767,766
cluster-n85-c10-r9-s-5157779626810751691.json,631,632,841,634,635,727,732,631,632,632,632,632
cluster-n90-c11-r0-s-5052002598032030474.json,843,868,1005,850,877,928,930,843,843,867,868,868
cluster-n90-c11-r1-s7303689832999308642.json,611,613,716,612,617,704,713,612,611,612,612,612
cluster-n90-c11-r2-s7996261288289781424.json,890,892,1164,893,977,1179,1093,890,890,890,890,890
cluster-n90-c11-r3-s-3808162511205526765.json,433,433,572,441,510,554,540,434,433,433,434,433
cluster-n90-c11-r4-s-7583107156058629055.json,349,352,720,353,353,443,413,349,351,352,355,349
cluster-n90-c11-r5-s-6091984701369478065.json,1006,1125,1500,1010,1016,1475,1254,1006,1006,1006,1006,1006
cluster-n90-c11-r6-s-6916922032255500397.json,698,698,885,701,708,826,814,709,698,700,709,698
cluster-n90-c11-r7-s-8187960511777098016.json,814,815,1408,814,880,910,1023,814,814,861,862,861
cluster-n90-c11-r8-s-8266873220921157988.json,785,785,1152,788,859,1200,1236,785,787,787,785,785
cluster-n90-c11-r9-s-5234647896416602497.json,332,336,619,335,341,378,600,334,334,334,336,332
cluster-n95-c11-r0-s-5060265022705385706.json,917,917,1039,920,925,1010,1032,921,917,917,919,921
cluster-n95-c11-r1-s4494656194940828036.json,666,683,764,670,671,802,812,683,666,666,683,666
cluster-n95-c11-r2-s5256681972809609792.json,907,910,1424,915,913,1057,1044,908,907,908,909,908
cluster-n95-c11-r3-s-5442540483618834601.json,676,677,825,684,683,790,740,676,684,676,676,684
cluster-n95-c11-r4-s8116051873368703270.json,501,502,580,504,509,580,580,505,501,505,501,504
cluster-n95-c11-r5-s631741539868277555.json,628,628,949,655,664,954,925,628,628,628,628,629
cluster-n95-c11-r6-s-8898505920986121594.json,673,673,900,675,681,942,759,673,673,673,673,673
cluster-n95-c11-r7-s6110466493412922524.json,484,512,989,517,519,798,730,511,511,511,511,513
cluster-n95-c11-r8-s-1993836903542627741.json,426,426,662,430,434,650,542,426,426,426,426,426
cluster-n95-c11-r9-s-5618989261625725713.json,901,910,1181,910,914,1204,1014,904,908,901,908,910
coast-n10-r0-s-4972683369271453960.json,11,11,14,11,11,13,14,11,11,11,11,11
coast-n10-r1-s4755622236989466036.json,4,4,4,4,4,5,4,4,4,4,4,4
coast-n10-r2-s1092083446069765248.json,1,1,2,1,1,1,1,1,1,1,1,1
coast-n10-r3-s4503168388465453601.json,11,11,23,11,11,13,13,11,11,11,11,11
coast-n10-r4-s-3342383633144681140.json,8,8,11,8,9,10,9,9,8,9,9,9
coast-n10-r5-s6836568506072080118.json,8,8,14,9,9,9,9,8,8,8,8,8
coast-n10-r6-s-2651111998922877327.json,6,6,8,6,6,6,6,6,6,6,6,6
coast-n10-r7-s-5257604778215879520.json,9,10,15,9,9,10,12,10,9,9,9,10
coast-n10-r8-s5298954437391079618.json,9,9,25,11,11,13,11,9,9,9,9,9
coast-n10-r9-s-1544970817896810324.json,2,2,4,2,2,2,2,2,2,2,2,2
coast-n100-r0-s-5128016860359238732.json,1093,1093,1193,1093,1097,1160,1149,1093,1093,1093,1093,1093
coast-n100-r1-s3596673253889729385.json,1207,1207,1516,1207,1213,1265,1258,1207,1207,1207,1207,1207
coast-n100-r2-s-6139822020582680716.json,1736,1736,2159,1736,1766,1823,1866,1736,1736,1736,1736,1736
coast-n100-r3-s-4087044595004343727.json,951,951,998,951,963,1030,994,951,951,951,951,951
coast-n100-r4-s-7035447845658785470.json,669,669,821,669,676,723,703,669,669,669,669,669
coast-n100-r5-s-6952633147197490662.json,1045,1045,1143,1045,1070,1115,1113,1045,1045,1045,1045,1045
coast-n100-r6-s4367296745435792467.json,1103,1103,1209,1105,1133,1167,1163,1103,1103,1103,1103,1103
coast-n100-r7-s8987754666945962503.json,1233,1234,1321,1234,1254,1277,1276,1234,1234,1233,1234,1234
coast-n100-r8-s-5895171329898275699.json,1369,1369,1452,1370,1385,1439,1421,1369,1369,1369,1369,1369
coast-n100-r9-s-8770588431429725762.json,1411,1411,1490,1411,1427,1453,1453,1411,1411,1411,1411,1411
coast-n15-r0-s-4980945789649841896.json,10,10,28,10,10,11,11,10,10,10,10,10
coast-n15-r1-s1946588598930985430.json,22,22,29,22,22,26,26,22,22,22,22,22
coast-n15-r2-s-1647495873705373680.json,18,18,22,19,19,21,22,18,18,18,18,18
coast-n15-r3-s2868790416052145765.json,19,19,23,19,19,22,22,19,19,19,19,19
coast-n15-r4-s-6089968677426900432.json,18,18,30,18,18,18,18,18,18,18,18,18
coast-n15-r5-s-4886449326399715878.json,23,23,28,23,23,28,28,23,23,23,23,23
coast-n15-r6-s-4632695887653498523.json,10,10,12,10,11,10,10,10,10,10,10,10
coast-n15-r7-s9040822222679173724.json,35,35,44,35,44,42,43,35,35,35,35,35
coast-n15-r8-s-6874753323234909047.json,37,37,42,37,37,41,40,37,37,37,37,37
coast-n15-r9-s-1929312183105933540.json,16,16,18,16,16,16,19,16,16,16,16,16
coast-n20-r0-s-4942938662781205063.json,39,39,43,39,39,42,41,39,39,39,39,39
coast-n20-r1-s3800096882043324115.json,52,52,65,52,52,54,61,52,52,52,52,52
coast-n20-r2-s-3802826258271402066.json,39,39,45,39,39,45,45,39,39,39,39,39
coast-n20-r3-s3008231453656586950.json,36,36,74,36,36,38,38,36,36,36,36,36
coast-n20-r4-s2859573706375437232.json,35,35,39,35,37,38,38,35,35,35,35,35
coast-n20-r5-s4767246935516549877.json,32,33,39,33,33,36,34,32,32,32,33,33
coast-n20-r6-s8171938801505373957.json,48,48,55,48,49,55,55,50,48,48,48,50
coast-n20-r7-s-8770407399242165048.json,31,31,39,31,31,32,32,31,31,31,31,31
coast-n20-r8-s1162767774550876561.json,40,40,43,40,40,42,43,40,40,40,40,40
coast-n20-r9-s-161341909156920964.json,36,36,51,36,36,41,42,36,36,36,36,36
coast-n25-r0-s-4951201078864625704.json,82,82,108,82,85,91,91,82,82,82,82,82
coast-n25-r1-s991063248279810805.json,55,55,76,55,56,56,58,55,55,55,55,55
coast-n25-r2-s-6542405578046540995.json,82,82,96,83,84,87,88,82,82,82,82,82
coast-n25-r3-s1373853485538246410.json,61,61,69,61,65,68,66,61,61,61,61,61
coast-n25-r4-s111988666388185236.json,71,74,81,72,74,85,82,71,71,74,74,74
coast-n25-r5-s-6955770901250213415.json,53,53,55,53,56,59,63,53,53,53,53,53
coast-n25-r6-s6190354912774752760.json,79,80,89,81,82,89,92,79,79,80,79,79
coast-n25-r7-s5528019601652888196.json,49,49,53,49,50,54,55,49,49,49,49,49
coast-n25-r8-s7435804087634439511.json,47,47,63,47,47,59,58,47,47,47,47,47
coast-n25-r9-s-545683274366044179.json,39,40,47,40,44,49,47,39,39,39,39,39
coast-n30-r0-s-4952853562081309832.json,105,109,119,105,107,116,114,105,105,105,105,105
coast-n30-r1-s4118605333692038088.json,125,125,149,125,128,143,146,125,125,125,125,125
coast-n30-r2-s3977725003942149108.json,59,59,86,59,59,61,61,59,59,59,59,59
coast-n30-r3-s-2642370924545318939.json,100,100,108,101,107,111,112,100,100,100,100,100
coast-n30-r4-s6941169284438581647.json,68,68,81,68,69,73,72,68,68,68,68,68
coast-n30-r5-s5457020789505081760.json,85,85,97,87,88,91,96,85,85,85,85,85
coast-n30-r6-s-1584659488442237911.json,76,76,111,76,76,86,80,76,76,76,76,76
coast-n30-r7-s4698356184513008144.json,109,109,131,112,116,115,115,109,109,109,109,109
coast-n30-r8-s8690411351969139020.json,69,69,76,69,70,73,72,69,69,69,69,69
coast-n30-r9-s-622551548266862281.json,100,100,129,100,100,118,116,100,100,100,100,100
coast-n35-r0-s-5013995466868426345.json,114,114,119,114,114,120,120,114,114,114,114,114
coast-n35-r1-s9157198120406614623.json,110,114,116,114,118,118,116,114,114,114,114,114
coast-n35-r2-s5840930912313687631.json,111,111,163,112,114,123,128,111,111,111,111,111
coast-n35-r3-s-3668721473601085579.json,145,145,152,145,145,151,152,145,145,145,145,145
coast-n35-r4-s1366435223448741313.json,189,189,211,191,191,207,209,191,189,189,189,189
coast-n35-r5-s3561711560546787690.json,140,140,181,140,140,157,154,140,140,140,140,140
coast-n35-r6-s5887712648313437491.json,115,115,160,115,115,127,125,115,115,115,115,115
coast-n35-r7-s-7552446059988885172.json,142,142,176,142,144,145,147,142,142,142,142,144
coast-n35-r8-s-229352131725306972.json,122,122,144,123,127,134,133,122,122,122,124,123
coast-n35-r9-s-3466677631057524513.json,167,167,179,167,168,183,175,167,167,167,167,167
coast-n40-r0-s-5028867824408518089.json,224,226,259,227,227,261,256,226,226,226,226,226
coast-n40-r1-s411588754582458831.json,115,115,142,115,116,120,119,115,115,115,115,115
coast-n40-r2-s8288385764484271288.json,112,112,128,112,117,119,119,112,112,112,112,112
coast-n40-r3-s-2921253008344135902.json,137,141,163,140,141,146,151,141,140,140,140,140
coast-n40-r4-s7488828594838425231.json,154,154,177,154,154,160,160,154,154,154,154,154
coast-n40-r5-s4596372347972036458.json,221,221,237,222,221,236,232,221,221,221,221,221
coast-n40-r6-s-8747184784460496663.json,92,92,99,93,94,98,97,92,93,93,92,92
coast-n40-r7-s3427327285231549752.json,134,134,149,134,134,150,148,134,134,134,134,134
coast-n40-r8-s-7384630835012497603.json,227,227,247,227,228,258,253,227,227,227,227,227
coast-n40-r9-s-4158492083279985546.json,195,196,209,195,196,205,204,195,195,195,196,195
coast-n45-r0-s-5037130244786906026.json,316,316,473,316,319,359,354,316,316,316,316,316
coast-n45-r1-s-2397444879181054479.json,275,275,323,275,277,290,281,275,275,275,275,275
coast-n45-r2-s5548806440414165063.json,148,148,191,150,152,172,166,148,148,148,148,148
coast-n45-r3-s-4555630980757443738.json,193,193,206,193,194,204,204,193,193,193,193,193
coast-n45-r4-s4741243550556205939.json,230,230,280,230,242,245,245,230,230,230,230,230
coast-n45-r5-s-7126645488794726834.json,203,203,259,204,204,221,219,203,203,203,203,203
coast-n45-r6-s7717975404813401053.json,289,289,357,289,291,324,320,289,289,289,289,289
coast-n45-r7-s-720989783287981324.json,164,164,213,165,164,173,170,164,164,164,164,164
coast-n45-r8-s-1111594517633967357.json,230,230,242,230,231,238,239,230,230,230,230,230
coast-n45-r9-s-4542833444194141465.json,284,284,325,285,287,325,319,284,284,284,284,284
coast-n50-r0-s-4985903243594861576.json,247,247,264,248,250,265,261,247,248,247,247,247
coast-n50-r1-s-7117529218541884335.json,345,347,391,346,347,363,361,346,346,346,346,346
coast-n50-r2-s-6980592279453373901.json,194,194,272,194,201,208,206,194,194,194,194,196
coast-n50-r3-s-9179882814198550284.json,205,205,226,205,208,225,218,205,205,205,205,205
coast-n50-r4-s-4049170888395328224.json,287,287,461,291,287,307,298,287,287,287,287,287
coast-n50-r5-s-4541562397257966288.json,273,273,309,273,273,284,285,273,273,273,273,273
coast-n50-r6-s8935749043229730807.json,272,272,333,272,278,293,295,272,272,272,272,272
coast-n50-r7-s6551831979849468160.json,395,395,409,398,408,413,417,395,395,395,395,395
coast-n50-r8-s-3110931530230810521.json,328,328,367,328,338,348,349,328,328,328,328,328
coast-n50-r9-s-2159917000513420551.json,310,310,377,310,311,337,321,310,310,311,310,311
coast-n55-r0-s-4994165663973249513.json,428,429,479,429,432,447,454,428,429,428,429,428
coast-n55-r1-s8520181221404153971.json,386,387,447,386,386,413,423,386,386,386,386,386
coast-n55-r2-s8726572470186071490.json,251,251,284,251,253,261,256,251,251,251,251,251
coast-n55-r3-s7632483291392660792.json,469,469,544,469,474,514,511,469,469,469,469,469
coast-n55-r4-s-6796755928382580220.json,260,260,273,261,260,272,270,260,260,260,260,260
coast-n55-r5-s2182163843979789332.json,388,388,424,388,388,403,410,388,388,388,388,388
coast-n55-r6-s6954165158794076907.json,340,340,479,340,345,362,361,340,340,340,340,340
coast-n55-r7-s2403514907034969788.json,415,415,467,416,421,437,428,415,415,415,415,416
coast-n55-r8-s3162104787147719725.json,399,399,449,399,401,422,428,399,399,399,399,399
coast-n55-r9-s-2544258361427576470.json,264,264,312,265,265,294,280,264,264,265,264,264
coast-n60-r0-s-5009038017218373961.json,504,504,525,504,508,533,541,504,504,504,504,504
coast-n60-r1-s-225428140125034524.json,430,430,459,430,433,458,457,430,430,430,430,430
coast-n60-r2-s-7272716755647863764.json,530,530,586,530,530,556,548,530,530,530,530,530
coast-n60-r3-s8379951756649610469.json,448,448,479,449,452,463,461,448,448,448,448,448
coast-n60-r4-s-674362561287863598.json,445,445,601,447,448,556,497,445,445,445,445,445
coast-n60-r5-s3216824631405038100.json,425,427,463,427,430,447,447,427,427,425,427,427
coast-n60-r6-s-7680732278274824543.json,567,567,709,568,567,707,697,567,567,567,567,567
coast-n60-r7-s-5063455817159179608.json,551,551,766,551,562,589,579,551,551,551,551,551
coast-n60-r8-s-3993173920434438202.json,303,303,343,303,311,321,317,303,303,303,303,303
coast-n60-r9-s-3236072813650037502.json,640,640,684,643,642,657,657,640,640,640,640,640
coast-n65-r0-s-5070179922005490474.json,613,613,739,613,613,691,667,613,613,613,613,613
coast-n65-r1-s4813164642294574714.json,479,479,523,479,487,512,506,479,479,479,479,479
coast-n65-r2-s-5409510847276325242.json,654,654,724,655,666,704,701,654,654,654,654,654
coast-n65-r3-s7353601207593843829.json,607,607,631,610,613,649,643,609,607,609,607,607
coast-n65-r4-s-6249096617982736636.json,719,719,793,719,728,797,803,719,719,719,719,719
coast-n65-r5-s1321515393856809438.json,566,566,611,566,567,592,595,566,566,566,566,566
coast-n65-r6-s-208360137224181846.json,573,573,633,573,577,596,590,573,573,573,573,573
coast-n65-r7-s1132486012048478692.json,388,388,580,389,400,449,448,388,388,388,388,388
coast-n65-r8-s5533806673875634718.json,463,463,496,463,465,480,476,463,463,463,463,463
coast-n65-r9-s-6080198892145732438.json,574,574,648,574,577,621,622,574,574,574,574,574
coast-n70-r0-s-5071832409517141899.json,468,468,528,468,469,500,487,468,468,468,468,468
coast-n70-r1-s7940706736296736590.json,813,813,873,814,820,872,863,813,813,813,813,813
coast-n70-r2-s5110619734712364861.json,489,489,536,489,491,505,504,489,489,489,489,489
coast-n70-r3-s3337376797510278480.json,878,878,957,878,880,933,948,878,878,878,878,878
coast-n70-r4-s580084000067659775.json,483,483,548,483,486,508,506,483,483,483,483,483
coast-n70-r5-s-4712436989097447003.json,648,648,674,648,649,676,673,648,648,648,648,648
coast-n70-r6-s-7983374542736139813.json,568,569,608,570,579,594,591,569,569,569,569,569
coast-n70-r7-s302822594908598640.json,727,727,840,729,740,845,774,727,727,727,728,727
coast-n70-r8-s6788413938210334227.json,538,538,655,538,551,603,595,538,538,538,538,538
coast-n70-r9-s-6157067166046550541.json,389,389,618,391,408,417,440,389,389,389,389,389
coast-n75-r0-s-5080094825600562539.json,916,916,1207,916,926,977,963,916,916,917,916,916
coast-n75-r1-s5131673098238255984.json,419,419,482,419,420,451,443,419,419,419,419,419
coast-n75-r2-s2371040414937225932.json,743,743,816,745,749,778,778,743,743,744,743,743
coast-n75-r3-s1702998825096970644.json,478,478,599,478,486,503,498,478,478,478,478,478
coast-n75-r4-s-2167501044214559517.json,752,753,1079,753,754,787,775,752,752,752,752,752
coast-n75-r5-s2011289256435275913.json,983,983,1030,983,996,1044,1032,983,983,983,983,983
coast-n75-r6-s8481785646537757903.json,1020,1020,1084,1021,1030,1051,1078,1020,1020,1020,1020,1021
coast-n75-r7-s-3845494477905899732.json,798,798,897,798,808,819,822,798,798,798,798,798
coast-n75-r8-s-5385293818120687143.json,480,480,512,481,482,509,503,480,480,480,480,480
coast-n75-r9-s-6541408526960706460.json,866,867,918,867,868,916,895,866,866,866,866,866
coast-n80-r0-s-5042087698731925706.json,603,603,657,604,608,629,627,603,603,603,603,603
coast-n80-r1-s6985181381350594668.json,690,690,765,690,709,716,714,690,690,690,690,690
coast-n80-r2-s215710034666164842.json,598,598,713,599,615,636,628,599,598,598,599,598
coast-n80-r3-s1842439866996379125.json,997,997,1218,997,1021,1061,1064,997,997,997,997,997
coast-n80-r4-s6782041339587778147.json,1085,1086,1234,1086,1110,1180,1177,1085,1085,1085,1085,1085
coast-n80-r5-s-6781758559652977244.json,758,758,888,758,760,812,798,758,758,758,758,758
coast-n80-r6-s2839676257692111471.json,636,636,796,636,644,658,690,636,636,636,636,636
coast-n80-r7-s-3209980021822719592.json,995,995,1091,997,1000,1072,1071,995,995,995,995,995
coast-n80-r8-s2652227271075163873.json,979,985,1080,980,988,1055,1063,979,979,985,979,979
coast-n80-r9-s-4773438261601628476.json,956,956,990,957,975,1021,1012,956,956,956,956,956
coast-n85-r0-s-5050350114815346346.json,772,772,876,772,799,807,801,772,772,772,772,772
coast-n85-r1-s4176147743292114062.json,799,799,865,799,806,835,827,799,799,800,799,799
coast-n85-r2-s-2523869289403941382.json,977,977,1243,978,986,1023,1018,977,977,977,977,977
coast-n85-r3-s208061894583071289.json,867,868,992,869,878,899,899,868,868,867,867,867
coast-n85-r4-s4034456295305558855.json,1325,1325,1448,1326,1341,1392,1397,1325,1325,1325,1325,1325
coast-n85-r5-s-58032318415221624.json,831,831,970,831,838,868,871,831,831,831,831,831
coast-n85-r6-s858092368961490274.json,1008,1008,1090,1009,1010,1057,1057,1008,1008,1008,1008,1008
coast-n85-r7-s-7358297094637217964.json,1027,1027,1097,1027,1043,1100,1120,1027,1027,1027,1027,1027
coast-n85-r8-s8925263588453694120.json,763,763,895,763,786,824,822,763,763,763,763,763
coast-n85-r9-s-5157779626810751691.json,1013,1013,1173,1013,1021,1054,1057,1013,1013,1013,1014,1014
coast-n90-r0-s-5052002598032030474.json,1313,1313,1421,1314,1325,1453,1432,1313,1313,1314,1314,1314
coast-n90-r1-s7303689832999308642.json,641,641,708,641,648,668,675,641,641,641,641,641
coast-n90-r2-s7996261288289781424.json,1288,1288,1539,1288,1296,1350,1373,1288,1288,1288,1288,1288
coast-n90-r3-s-3808162511205526765.json,1124,1124,1324,1125,1138,1181,1186,1124,1125,1124,1124,1125
coast-n90-r4-s-7583107156058629055.json,1068,1068,1223,1069,1103,1146,1152,1068,1068,1068,1068,1068
coast-n90-r5-s-6091984701369478065.json,1045,1045,1307,1047,1046,1099,1093,1045,1045,1045,1045,1045
coast-n90-r6-s-6916922032255500397.json,1049,1049,1102,1049,1051,1122,1118,1049,1049,1049,1049,1049
coast-n90-r7-s-8187960511777098016.json,929,929,1043,930,958,1001,963,930,929,930,930,930
coast-n90-r8-s-8266873220921157988.json,1028,1028,1271,1028,1042,1152,1126,1028,1028,1028,1029,1028
coast-n90-r9-s-5234647896416602497.json,844,844,883,844,849,871,878,844,844,844,844,844
coast-n95-r0-s-5060265022705385706.json,969,969,1154,970,984,1016,1009,969,969,969,969,969
coast-n95-r1-s4494656194940828036.json,1700,1701,1853,1703,1712,1802,1793,1701,1701,1700,1701,1700
coast-n95-r2-s5256681972809609792.json,744,744,894,744,769,768,774,744,744,744,744,745
coast-n95-r3-s-5442540483618834601.json,1353,1353,1473,1353,1367,1417,1407,1353,1353,1353,1353,1353
coast-n95-r4-s8116051873368703270.json,765,766,856,766,771,811,811,765,765,765,765,765
coast-n95-r5-s631741539868277555.json,1159,1159,1223,1160,1176,1221,1210,1160,1159,1159,1159,1159
coast-n95-r6-s-8898505920986121594.json,1133,1134,1277,1134,1139,1182,1180,1133,1133,1134,1134,1134
coast-n95-r7-s6110466493412922524.json,1343,1344,1468,1343,1383,1406,1412,1343,1343,1343,1343,1344
coast-n95-r8-s-1993836903542627741.json,1197,1197,1288,1197,1216,1262,1255,1197,1197,1197,1197,1197
coast-n95-r9-s-5618989261625725713.json,1021,1021,1191,1021,1024,1080,1076,1021,1021,1022,1021,1021
uniform-n10-r0-s-4972683369271453960.json,5,5,9,5,5,9,8,5,5,5,5,5
uniform-n10-r1-s4755622236989466036.json,3,3,14,3,4,4,4,3,3,3,3,3
uniform-n10-r2-s1092083446069765248.json,7,7,10,7,7,9,8,9,7,7,8,7
uniform-n10-r3-s4503168388465453601.json,3,3,7,4,4,4,4,3,3,3,3,3
uniform-n10-r4-s-3342383633144681140.json,4,4,8,4,4,6,4,4,4,4,4,4
uniform-n10-r5-s6836568506072080118.json,12,13,15,12,12,14,15,13,12,12,13,12
uniform-n10-r6-s-2651111998922877327.json,10,10,11,10,12,11,10,10,10,10,10,10
uniform-n10-r7-s-5257604778215879520.json,6,11,10,8,6,8,8,9,6,6,6,6
uniform-n10-r8-s5298954437391079618.json,6,6,10,6,6,6,9,6,6,6,6,6
uniform-n10-r9-s-1544970817896810324.json,0,0,1,0,0,1,0,0,0,0,0,0
uniform-n100-r0-s-5128016860359238732.json,1443,1448,1663,1453,1468,1583,1543,1447,1444,1446,1444,1444
uniform-n100-r1-s3596673253889729385.json,1133,1133,1237,1146,1160,1235,1211,1134,1133,1133,1133,1133
uniform-n100-r2-s-6139822020582680716.json,1350,1353,1566,1363,1364,1459,1467,1353,1353,1353,1413,1413
uniform-n100-r3-s-4087044595004343727.json,1200,1201,1361,1216,1224,1345,1338,1200,1200,1202,1202,1201
uniform-n100-r4-s-7035447845658785470.json,1293,1299,1399,1302,1338,1379,1430,1323,1295,1323,1293,1323
uniform-n100-r5-s-6952633147197490662.json,1076,1081,1192,1098,1098,1126,1135,1085,1081,1079,1077,1078
uniform-n100-r6-s4367296745435792467.json,1353,1362,1679,1369,1377,1447,1415,1362,1361,1353,1354,1361
uniform-n100-r7-s8987754666945962503.json,1237,1237,1487,1249,1257,1309,1331,1237,1237,1238,1238,1239
uniform-n100-r8-s-5895171329898275699.json,1331,1333,1468,1337,1343,1416,1502,1337,1335,1333,1333,1334
uniform-n100-r9-s-8770588431429725762.json,1088,1090,1222,1094,1102,1141,1124,1089,1089,1089,1101,1089
uniform-n15-r0-s-4980945789649841896.json,10,10,20,10,10,12,11,10,10,10,10,10
uniform-n15-r1-s1946588598930985430.json,25,25,32,25,25,26,29,25,25,25,25,25
uniform-n15-r2-s-1647495873705373680.json,17,18,19,18,19,23,25,18,18,17,18,18
uniform-n15-r3-s2868790416052145765.json,25,25,27,26,26,26,26,25,25,25,25,25
uniform-n15-r4-s-6089968677426900432.json,21,21,21,21,21,28,26,21,21,21,21,21
uniform-n15-r5-s-4886449326399715878.json,11,12,15,11,12,14,14,12,11,12,11,12
uniform-n15-r6-s-4632695887653498523.json,26,26,30,26,26,30,28,26,26,26,26,26
uniform-n15-r7-s9040822222679173724.json,17,17,18,17,17,18,18,17,17,17,17,17
uniform-n15-r8-s-6874753323234909047.json,19,19,20,19,19,22,22,19,19,19,19,19
uniform-n15-r9-s-1929312183105933540.json,18,19,25,18,18,21,21,18,18,18,18,18
uniform-n20-r0-s-4942938662781205063.json,28,32,37,29,29,33,33,28,28,28,28,28
uniform-n20-r1-s3800096882043324115.json,31,31,37,31,31,36,36,31,31,31,31,31
uniform-n20-r2-s-3802826258271402066.json,46,60,51,48,47,54,66,46,46,47,46,46
uniform-n20-r3-s3008231453656586950.json,40,40,53,40,42,52,56,40,40,40,40,40
uniform-n20-r4-s2859573706375437232.json,52,52,66,53,52,53,56,52,52,52,52,52
uniform-n20-r5-s4767246935516549877.json,40,40,56,41,45,49,49,41,41,45,41,44
uniform-n20-r6-s8171938801505373957.json,13,13,16,14,14,14,17,13,13,13,13,13
uniform-n20-r7-s-8770407399242165048.json,36,40,46,36,36,37,39,36,36,36,36,36
uniform-n20-r8-s1162767774550876561.json,55,55,70,55,55,59,64,55,55,55,55,55
uniform-n20-r9-s-161341909156920964.json,41,41,49,41,43,45,46,41,41,41,41,41
uniform-n25-r0-s-4951201078864625704.json,64,64,69,65,64,68,69,64,65,64,64,65
uniform-n25-r1-s991063248279810805.json,52,52,74,52,58,61,56,52,52,55,52,52
uniform-n25-r2-s-6542405578046540995.json,65,65,74,66,66,80,82,65,65,65,65,65
uniform-n25-r3-s1373853485538246410.json,70,76,105,71,75,80,80,73,70,70,74,70
uniform-n25-r4-s111988666388185236.json,55,55,85,55,55,61,60,55,55,55,55,55
uniform-n25-r5-s-6955770901250213415.json,61,66,73,61,64,76,79,68,61,62,68,61
uniform-n25-r6-s6190354912774752760.json,81,81,88,85,86,90,91,81,81,81,81,81
uniform-n25-r7-s5528019601652888196.json,46,51,79,48,50,59,59,47,47,46,46,46
uniform-n25-r8-s7435804087634439511.json,46,47,59,46,46,51,48,46,46,46,46,46
uniform-n25-r9-s-545683274366044179.json,35,35,45,37,37,47,44,35,35,35,35,35
uniform-n30-r0-s-4952853562081309832.json,113,113,118,113,114,117,118,116,113,113,114,114
uniform-n30-r1-s4118605333692038088.json,79,79,131,79,79,83,104,79,79,79,79,79
uniform-n30-r2-s3977725003942149108.json,102,102,110,102,103,110,104,102,102,102,102,102
uniform-n30-r3-s-2642370924545318939.json,105,105,130,106,106,134,116,105,105,105,105,105
uniform-n30-r4-s6941169284438581647.json,59,61,63,61,62,62,69,60,60,60,60,60
uniform-n30-r5-s5457020789505081760.json,105,105,115,105,105,107,114,105,105,105,105,109
uniform-n30-r6-s-1584659488442237911.json,72,72,99,72,73,75,74,72,72,73,72,72
uniform-n30-r7-s4698356184513008144.json,87,87,140,87,90,103,102,88,87,89,89,89
uniform-n30-r8-s8690411351969139020.json,105,105,198,105,105,119,120,106,105,105,105,105
uniform-n30-r9-s-622551548266862281.json,94,94,143,96,103,104,99,94,94,94,94,94
uniform-n35-r0-s-5013995466868426345.json,166,200,249,168,187,207,212,200,166,166,169,194
uniform-n35-r1-s9157198120406614623.json,159,159,223,161,161,167,167,159,160,160,159,159
uniform-n35-r2-s5840930912313687631.json,162,162,202,162,163,169,170,162,162,162,162,162
uniform-n35-r3-s-3668721473601085579.json,189,190,205,191,199,202,206,192,191,192,192,192
uniform-n35-r4-s1366435223448741313.json,129,129,210,129,132,142,145,130,129,130,130,130
uniform-n35-r5-s3561711560546787690.json,168,170,184,170,171,185,180,170,170,170,170,173
uniform-n35-r6-s5887712648313437491.json,106,107,120,106,110,114,113,109,106,109,109,109
uniform-n35-r7-s-7552446059988885172.json,138,139,163,142,145,155,154,139,139,138,138,138
uniform-n35-r8-s-229352131725306972.json,193,201,249,198,197,209,213,201,193,194,195,194
uniform-n35-r9-s-3466677631057524513.json,145,145,167,146,151,163,162,145,145,145,145,145
uniform-n40-r0-s-5028867824408518089.json,162,164,186,165,170,186,180,162,164,164,164,164
uniform-n40-r1-s411588754582458831.json,124,124,159,124,124,140,139,124,124,124,124,124
uniform-n40-r2-s8288385764484271288.json,177,177,201,178,184,196,203,178,177,178,178,178
uniform-n40-r3-s-2921253008344135902.json,167,167,229,167,167,179,178,167,167,167,167,167
uniform-n40-r4-s7488828594838425231.json,194,197,230,198,197,207,207,199,196,196,196,197
uniform-n40-r5-s4596372347972036458.json,225,225,345,225,231,241,243,225,225,230,226,225
uniform-n40-r6-s-8747184784460496663.json,153,153,162,154,155,172,172,153,153,153,153,153
uniform-n40-r7-s3427327285231549752.json,190,190,227,194,212,220,226,191,191,191,192,192
uniform-n40-r8-s-7384630835012497603.json,196,198,227,201,206,226,219,196,196,198,196,196
uniform-n40-r9-s-4158492083279985546.json,168,169,194,170,168,200,200,169,169,168,168,168
uniform-n45-r0-s-5037130244786906026.json,225,226,289,227,227,248,245,227,226,226,226,226
uniform-n45-r1-s-2397444879181054479.json,188,189,213,201,193,213,212,189,188,189,188,189
uniform-n45-r2-s5548806440414165063.json,193,193,244,197,202,208,209,195,193,195,195,195
uniform-n45-r3-s-4555630980757443738.json,235,235,280,235,236,249,263,235,235,235,235,235
uniform-n45-r4-s4741243550556205939.json,247,247,298,247,249,255,258,248,247,248,247,247
uniform-n45-r5-s-7126645488794726834.json,169,172,198,173,175,187,182,170,169,169,177,169
uniform-n45-r6-s7717975404813401053.json,224,224,254,224,225,240,244,224,224,224,224,224
uniform-n45-r7-s-720989783287981324.json,243,245,323,246,243,261,273,243,245,243,243,243
uniform-n45-r8-s-1111594517633967357.json,339,344,364,341,341,347,347,339,339,339,339,339
uniform-n45-r9-s-4542833444194141465.json,233,233,260,234,237,250,246,233,233,234,234,233
uniform-n50-r0-s-4985903243594861576.json,382,394,423,388,397,415,419,387,387,394,387,395
uniform-n50-r1-s-7117529218541884335.json,233,234,273,236,252,258,261,234,234,234,234,234
uniform-n50-r2-s-6980592279453373901.json,280,280,341,282,287,302,344,282,280,282,282,282
uniform-n50-r3-s-9179882814198550284.json,322,322,381,322,338,364,365,322,322,336,335,343
uniform-n50-r4-s-4049170888395328224.json,207,212,234,212,221,226,222,207,207,208,207,207
uniform-n50-r5-s-4541562397257966288.json,246,246,330,247,246,300,254,246,246,246,246,246
uniform-n50-r6-s8935749043229730807.json,236,238,366,241,241,284,261,237,236,236,238,236
uniform-n50-r7-s6551831979849468160.json,336,336,432,340,337,367,370,337,336,336,337,337
uniform-n50-r8-s-3110931530230810521.json,313,313,396,314,318,374,383,315,313,313,313,313
uniform-n50-r9-s-2159917000513420551.json,358,358,383,361,361,362,369,359,358,358,359,359
uniform-n55-r0-s-4994165663973249513.json,354,356,439,355,356,411,369,354,355,355,355,356
uniform-n55-r1-s8520181221404153971.json,405,406,481,415,428,446,442,415,405,405,406,406
uniform-n55-r2-s8726572470186071490.json,350,352,381,358,355,361,377,352,351,351,355,351
uniform-n55-r3-s7632483291392660792.json,281,281,382,288,295,313,313,281,287,281,281,287
uniform-n55-r4-s-6796755928382580220.json,350,350,413,357,360,403,406,350,350,351,351,350
uniform-n55-r5-s2182163843979789332.json,377,378,414,378,378,424,438,377,377,377,377,377
uniform-n55-r6-s6954165158794076907.json,386,388,468,388,393,459,437,402,387,387,387,387
uniform-n55-r7-s2403514907034969788.json,476,477,537,491,483,495,492,478,487,478,478,477
uniform-n55-r8-s3162104787147719725.json,357,357,417,362,362,396,394,357,357,357,358,358
uniform-n55-r9-s-2544258361427576470.json,425,425,562,429,431,457,448,425,425,425,427,427
uniform-n60-r0-s-5009038017218373961.json,412,412,513,415,423,442,444,414,413,412,414,413
uniform-n60-r1-s-225428140125034524.json,503,503,557,507,507,549,562,503,503,503,504,504
uniform-n60-r2-s-7272716755647863764.json,466,507,546,473,471,537,497,468,468,466,467,466
uniform-n60-r3-s8379951756649610469.json,403,403,490,404,416,444,434,403,403,403,403,403
uniform-n60-r4-s-674362561287863598.json,474,475,672,480,485,511,504,476,474,475,476,476
uniform-n60-r5-s3216824631405038100.json,568,568,655,570,571,631,618,573,568,568,568,573
uniform-n60-r6-s-7680732278274824543.json,374,376,672,377,387,419,426,377,374,374,376,374
uniform-n60-r7-s-5063455817159179608.json,391,393,411,396,396,419,417,393,393,392,392,392
uniform-n60-r8-s-3993173920434438202.json,462,462,578,462,465,598,583,462,462,462,462,462
uniform-n60-r9-s-3236072813650037502.json,499,499,567,503,512,548,545,499,500,501,499,499
uniform-n65-r0-s-5070179922005490474.json,502,504,687,504,526,549,541,502,503,503,503,503
uniform-n65-r1-s4813164642294574714.json,572,575,666,577,575,636,656,573,573,574,573,573
uniform-n65-r2-s-5409510847276325242.json,542,542,597,545,545,600,583,542,542,542,542,542
uniform-n65-r3-s7353601207593843829.json,502,502,533,504,509,523,526,503,502,503,503,503
uniform-n65-r4-s-6249096617982736636.json,638,638,731,643,638,689,689,638,638,638,638,638
uniform-n65-r5-s1321515393856809438.json,497,497,582,504,504,550,561,499,497,497,499,497
uniform-n65-r6-s-208360137224181846.json,437,439,726,440,439,555,459,437,437,437,437,437
uniform-n65-r7-s1132486012048478692.json,559,559,646,563,565,580,577,559,559,559,559,559
uniform-n65-r8-s5533806673875634718.json,460,461,518,463,473,493,493,466,461,464,461,464
uniform-n65-r9-s-6080198892145732438.json,421,421,489,421,429,470,471,421,421,421,421,421
uniform-n70-r0-s-5071832409517141899.json,515,515,726,517,522,533,537,515,515,515,515,515
uniform-n70-r1-s7940706736296736590.json,705,708,745,712,716,733,744,709,705,712,709,707
uniform-n70-r2-s5110619734712364861.json,610,610,916,613,616,658,655,610,610,610,612,613
uniform-n70-r3-s3337376797510278480.json,561,562,707,565,565,580,575,562,562,562,562,562
uniform-n70-r4-s580084000067659775.json,564,564,813,571,583,667,604,564,564,564,565,565
uniform-n70-r5-s-4712436989097447003.json,586,586,663,592,595,617,616,586,586,586,586,586
uniform-n70-r6-s-7983374542736139813.json,654,654,776,656,662,676,688,654,654,654,654,654
uniform-n70-r7-s302822594908598640.json,558,558,820,561,562,586,612,558,558,558,558,558
uniform-n70-r8-s6788413938210334227.json,477,480,614,492,494,504,512,484,482,480,484,485
uniform-n70-r9-s-6157067166046550541.json,482,482,557,487,493,536,531,482,482,482,484,482
uniform-n75-r0-s-5080094825600562539.json,576,579,707,579,585,600,602,579,576,579,579,579
uniform-n75-r1-s5131673098238255984.json,640,641,738,647,646,697,686,641,640,640,641,640
uniform-n75-r2-s2371040414937225932.json,749,750,970,756,762,775,783,749,749,749,751,751
uniform-n75-r3-s1702998825096970644.json,653,685,761,656,693,717,718,682,653,654,657,653
uniform-n75-r4-s-2167501044214559517.json,679,680,762,684,684,727,732,683,679,679,679,679
uniform-n75-r5-s2011289256435275913.json,761,764,900,779,792,805,804,761,761,761,761,761
uniform-n75-r6-s8481785646537757903.json,650,651,785,654,661,671,670,653,651,650,653,653
uniform-n75-r7-s-3845494477905899732.json,688,688,865,700,701,713,727,688,688,688,688,688
uniform-n75-r8-s-5385293818120687143.json,730,733,935,737,737,790,790,733,730,730,732,730
uniform-n75-r9-s-6541408526960706460.json,775,775,996,775,781,838,858,775,775,775,775,775
uniform-n80-r0-s-5042087698731925706.json,722,726,926,749,753,779,791,722,729,722,722,729
uniform-n80-r1-s6985181381350594668.json,840,841,930,843,850,875,879,841,840,840,840,841
uniform-n80-r2-s215710034666164842.json,962,1124,1029,968,968,1046,1016,962,962,962,962,962
uniform-n80-r3-s1842439866996379125.json,838,864,916,860,879,898,902,864,844,864,860,864
uniform-n80-r4-s6782041339587778147.json,731,731,818,735,738,764,766,732,731,732,732,732
uniform-n80-r5-s-6781758559652977244.json,720,720,780,727,727,782,779,721,720,720,721,721
uniform-n80-r6-s2839676257692111471.json,738,739,823,747,748,792,801,738,740,738,738,738
uniform-n80-r7-s-3209980021822719592.json,640,645,694,649,642,673,684,649,642,640,647,647
uniform-n80-r8-s2652227271075163873.json,863,863,1006,872,877,893,976,863,863,864,865,863
uniform-n80-r9-s-4773438261601628476.json,657,660,734,663,670,688,701,657,657,657,657,657
uniform-n85-r0-s-5050350114815346346.json,835,835,989,842,860,901,885,838,838,835,835,837
uniform-n85-r1-s4176147743292114062.json,760,760,1103,769,767,824,816,760,760,760,760,762
uniform-n85-r2-s-2523869289403941382.json,1096,1096,1232,1098,1099,1233,1267,1096,1096,1096,1145,1096
uniform-n85-r3-s208061894583071289.json,1229,1233,1418,1233,1236,1329,1308,1230,1229,1231,1233,1231
uniform-n85-r4-s4034456295305558855.json,1059,1098,1295,1064,1129,1205,1211,1094,1060,1060,1092,1095
uniform-n85-r5-s-58032318415221624.json,836,839,1111,843,845,884,867,837,837,836,836,836
uniform-n85-r6-s858092368961490274.json,858,858,1059,865,889,917,908,860,859,858,859,859
uniform-n85-r7-s-7358297094637217964.json,743,743,1076,747,762,835,792,743,743,744,746,744
uniform-n85-r8-s8925263588453694120.json,986,987,1039,994,1003,1018,1017,987,986,986,988,990
uniform-n85-r9-s-5157779626810751691.json,837,838,980,846,852,885,894,843,838,841,839,842
uniform-n90-r0-s-5052002598032030474.json,933,936,1045,941,946,1039,971,936,934,933,936,935
uniform-n90-r1-s7303689832999308642.json,1116,1117,1273,1129,1169,1204,1179,1121,1118,1117,1118,1118
uniform-n90-r2-s7996261288289781424.json,1153,1158,1336,1167,1184,1230,1229,1168,1164,1158,1158,1168
uniform-n90-r3-s-3808162511205526765.json,1158,1160,1421,1164,1164,1243,1218,1161,1158,1158,1166,1158
uniform-n90-r4-s-7583107156058629055.json,967,973,1122,975,985,1046,1106,969,967,969,971,970
uniform-n90-r5-s-6091984701369478065.json,1261,1305,1649,1267,1268,1411,1298,1262,1261,1263,1262,1263
uniform-n90-r6-s-6916922032255500397.json,701,702,793,705,709,769,758,701,701,701,701,701
uniform-n90-r7-s-8187960511777098016.json,1168,1174,1491,1186,1199,1209,1213,1173,1174,1169,1169,1168
uniform-n90-r8-s-8266873220921157988.json,1075,1076,1201,1078,1095,1135,1168,1075,1075,1075,1076,1077
uniform-n90-r9-s-5234647896416602497.json,767,791,822,770,780,835,804,767,767,775,768,769
uniform-n95-r0-s-5060265022705385706.json,971,977,1158,978,995,1062,1033,974,971,973,973,973
uniform-n95-r1-s4494656194940828036.json,1227,1229,1500,1234,1270,1317,1300,1236,1227,1233,1238,1227
uniform-n95-r2-s5256681972809609792.json,1219,1221,1663,1224,1226,1334,1325,1221,1219,1219,1221,1219
uniform-n95-r3-s-5442540483618834601.json,954,957,1008,973,977,1002,1054,956,956,957,960,956
uniform-n95-r4-s8116051873368703270.json,1104,1106,1154,1107,1119,1127,1138,1104,1105,1105,1105,1104
uniform-n95-r5-s631741539868277555.json,1325,1325,1380,1333,1381,1427,1560,1329,1326,1329,1335,1330
uniform-n95-r6-s-8898505920986121594.json,1341,1341,1542,1345,1344,1401,1392,1343,1344,1344,1344,1344
uniform-n95-r7-s6110466493412922524.json,1186,1186,1297,1189,1199,1287,1270,1186,1187,1187,1187,1186
uniform-n95-r8-s-1993836903542627741.json,1024,1024,1165,1031,1039,1100,1098,1029,1027,1027,1024,1024
uniform-n95-r9-s-5618989261625725713.json,929,932,1037,933,945,1007,985,930,930,930,939,938
